[
 {
  "id": 1659220259401,
  "name": "Macbook Pro 2022",
  "price": 500,
  "discount": 3,
  "category": "in-sale",
  "description": "Macbook Pro 2019 Mpxq2ll/a Intel Core i5 2.3 Ghz 8gb RAM 128gb SSD Pantalla 13.3\" Retina Apple Nueva Original. Importada de USA. Se entrega con la factura de compra para contar con la garantía del fabricante",
  "image": "img-macbook-pro-2019.jpg"
 },
 {
  "id": 1659220259402,
  "name": "Samsung Galaxy S10",
  "price": 72999,
  "discount": 25,
  "category": "in-sale",
  "description": "Experiencia visual excepcional. Mirá tus series y películas favoritas con la mejor definición.Tendrás colores brillantes y detalles precisos en todos tus contenidos.Disfrutá aún más del mejor entretenimiento gracias a su vasta pantalla y ángulos de visión amplios.",
  "image": "img-samsung-galaxy-s10.jpg"
 },
 {
  "id": 1659220259403,
  "name": "Heladera no frost Whirlpool WRM45A",
  "description": "Disfrutá de la frescura de tus alimentos y almacenalos de manera práctica y cómoda en tu heladera Whirlpool, la protagonista de tu cocina. Su sistema no frost evita la generación de escarcha y te permitirá conservar el sabor y las propiedades nutritivas de los productos.A su vez, su freezer cuenta con una capacidad de 86 litros, que facilitará la distribución y el orden de tus congelados para que no te preocupes por la falta de espacio.",
  "price": 47900,
  "discount": 10,
  "image": "img-heladera-whirpool.jpg",
  "category": "in-sale"
 },
 {
  "id": 1659220259404,
  "name": "Nikon Reflex D3500 - Kit",
  "description": "Incluye la cámara D3500, el objetivo zoom AF-P DX NIKKOR 18-55mm y el superteleobjetivo zoom compacto AF-P DX NIKKOR 70-300mm. Ambos objetivos enfocan de forma rápida y silenciosa, lo que resulta ideal para grabar metraje de vídeo sin que se escuche apenas el ruido del accionamiento.",
  "price": 53000,
  "discount": 20,
  "image": "img-camara-nikon.jpg",
  "category": "in-sale"
 },
 {
  "id": 1659220259405,
  "name": "Notebook Lenovo I3 Intel 8gb Ram",
  "description": "PROCESADOR / CHIPSET. CPU: Intel Core i3(8a generación) 8130U / 2.2 GHz. Velocidad turbo máxima: 3, 4 GHz. Numero de núcleos: Doble núcleo. Cache: 4 MB. Arquitectura de 64 bit: ss. MEMORIA CACHÉ. Tamaño instalada: 4 MB. ALMACENAMIENTO. Interfaz Serial ATA - 600",
  "price": 36700,
  "discount": 5,
  "image": "img-laptop-lenovo.jpg",
  "category": "in-sale"
 },
 {
  "id": 1659220259406,
  "name": "Apple iPhone 11 Pro Dual SIM 256 GB",
  "description": "¡El nuevo smartphone que lo tiene todo! Con este lanzamiento, Apple ha superado todos sus récords. Su diseño se destaca por sus líneas finas y distinguidas a partir de una sola hoja de vidrio resistente, combinada con aluminio de excelente calidad.",
  "price": 148000,
  "discount": 2,
  "image": "img-iphone-11.jpg",
  "category": "in-sale"
 },
 {
  "id": 1659220259407,
  "name": "Teclado Apple Magic Inalámbricoooo",
  "description": "El teclado mágico combina un diseño elegante con una batería recargable incorporada y funciones clave mejoradas. Con un mecanismo de tijera estable debajo de cada tecla, así como un recorrido de teclas optimizado y un perfil bajo, el Teclado Mágico ofrece una experiencia de escritura notablemente cómoda y precisa.",
  "price": "11399",
  "discount": "12",
  "image": "img-apple-magic-keyboard.jpg",
  "category": "visited"
 },
 {
  "id": 1659220259409,
  "name": "Parlante Inalámbrico Bose Soundtouch 10",
  "description": "Parlante Inalámbrico Bose Soundtouch 10. SoundTouch®.La manera más sencilla de reproducir música en todo su hogar de forma inalámbrica. Características. » Marca: Bose. » Modelo: SoundTouch. » Color: Negro",
  "price": 29990,
  "discount": 12,
  "image": "img-parlante-bose.jpg",
  "category": "visited"
 },
 {
  "id": 1659220259410,
  "name": "Home Theatre Sony Bdv-e4100",
  "description": "El sonido Surround de 5.1 canales y 1000 W proporciona un audio de verdadero impacto en los efectos especiales de películas y efectos de sonido de música y deportes. Con la tecnología Near Field Communication(NFC) podés disfrutar de Sonido One- Touch para reproducir música de forma instantánea",
  "price": 32990,
  "discount": 0,
  "image": "img-home-theater-sony.jpg",
  "category": "visited"
 },
 {
  "id": 1659220259411,
  "name": "Smart TV Samsung 4K 50",
  "description": "Con el Smart TV Samsung UN50MU6100, viví una nueva experiencia visual con la resolución 4K, que te presentará imágenes con gran detalle y de alta calidad. Ahora todo lo que veas cobrará vida con brillo y colores más reales. Gracias a su tamaño de 50\", podrás transformar tu espacio en una sala de cine y transportarte a donde quieras.",
  "price": 34990,
  "discount": 0,
  "image": "img-tv-samsung-smart.jpg",
  "category": "visited"
 },
 {
  "id": 1659220259412,
  "name": "Sony S6700 Reproductor De Blu-ray ",
  "description": "Disfruta de tus películas favoritas con hasta cuatro veces más detalles que Full HD, gracias a la conversión de señales 4K. Cuando se conecta a un televisor compatible,un procesador de video avanzado convierte el video estándar en una señal cercana a la resolución 4K (3840 x 2160). Con ocho millones de píxeles, obtendrás imágenes más nítidas y detalladas, y la mayor calidad de la image te permite sentarte más cerca de la pantalla para que te sientas como en el cine.",
  "price": 10999,
  "discount": 5,
  "image": "img-sony-blueray.jpg",
  "category": "visited"
 },
 {
  "id": 1659220259413,
  "name": "Bicicleta Mountain Bike Fierce Rodado 29",
  "description": "Bicicleta Mountain Bike Fierce Rodado 29 21 velocidades. Tipo: Mountain Bike. Rodado: 29. Material Cuadro: Aluminio. Talle: 18. Suspensión: Delantera. Velocidades: 21 - Shimano. Sistema de Freno: Disco Mecánico. Llantas: Doble pared.",
  "price": 15979,
  "discount": 12,
  "image": "img-bicicleta-fierce.jpg",
  "category": "visited"
 },
 {
  "id": 1659220259414,
  "name": "Sony Srs-xb12 Parlante Bluetooth Portátil",
  "price": 4699,
  "discount": 5,
  "category": "in-sale",
  "description": "Deja que la música dance cobre vida con EXTRA BASS™ Anima el ambiente con EXTRA BASS™1. Un radiador pasivo trabaja con el parlante monoaural para potenciar los tonos bajos y mejorar los graves, a pesar del tamaño compacto. ",
  "image": "img-parlante-sony.jpg"
 },
 {
  "name": "zapatillas",
  "price": "5678",
  "discount": "15",
  "category": "in-sale",
  "description": "Zapatillas rojas",
  "id": 1659220259415,
  "image": "default-image.png"
 },
 {
  "name": "Motorola",
  "price": "55000",
  "discount": "25",
  "category": "in-sale",
  "description": "celular",
  "id": 165922025940216,
  "image": "default-image.png"
 },
 {
  "name": "Motorola",
  "price": "55000",
  "discount": "25",
  "category": "in-sale",
  "description": "celular",
  "id": 1659220259417,
  "image": "default-image.png"
 },
 {
  "name": "Motorola",
  "price": "55000",
  "discount": "25",
  "category": "in-sale",
  "description": "celular",
  "id": 1659220259418,
  "image": "1658794930922-motorola.jpg"
 },
 {
  "name": "Motorola",
  "price": "55000",
  "discount": "25",
  "category": "in-sale",
  "description": "celular",
  "id": 1659220815718,
  "image": "1659220815714-motorola.jpg"
 },
 {
  "name": "Motorola",
  "price": "55000",
  "discount": "25",
  "category": "in-sale",
  "description": "celular",
  "id": 1659220877439,
  "image": "1659220877434-LG.jpg"
 },
 {
  "name": "jose test",
  "price": "55000",
  "discount": "12",
  "category": "in-sale",
  "description": "aaaaaaaaaaaaaaaaa",
  "id": 1659222522728,
  "image": "default-image.png"
 }
]